"Mean","SD","Min","Max","Median"
25.5250618811881,9.58480426725543,14,57,24
