"Type","Count","Mean_Weight"
"Positive Edges",30,0.312549346799473
"Negative Edges",75,0.155132509905372
"Total Edges",105,0.15100513093222
