"Aspek","Strength","Betweenness"
"Order",3.00578401347049,0
"Aggression",2.96316380014376,0
"Endurance",2.78738233496749,3
"Heterosexuality",2.68366183969119,5
"Achievement",2.45355850201786,0
"Nurturance",2.41880965727916,0
"Succorance",2.23434987353162,3
"Autonomy",2.18067120359955,0
"Affiliation",1.95852346264679,0
"Deference",1.90280727529131,0
